cat_var_1,cat_var_2,num1,num2
expert,meidum_income,0.7587454580863533,2.6482304544173907
norm_user,low_income,0.7355773790496087,4.061024891007067
expert,low_income,1.5201567432480965,-0.06140382628630925
new_user,meidum_income,2.3497491750091215,-0.1454243494605706
norm_user,high_income,1.0025264218967274,-4.3670809015308425
new_user,high_income,-0.714445199598067,-3.3081101094813805
expert,meidum_income,3.501422602712776,0.43997043500298744
expert,meidum_income,7.92277292443416,4.0282729836244755
new_user,meidum_income,-2.426169774376745,2.523032129668619
new_user,meidum_income,4.028084767359308,-0.09328460088406353
expert,high_income,8.997989122426496,-0.9687319560543202
expert,low_income,6.3844975757132225,0.27383587007249666
new_user,meidum_income,-7.266040346164516,-6.865229055135657
new_user,low_income,3.8786267280183755,-4.9520822648536225
new_user,low_income,-2.3423655806276593,-4.11643791728634
expert,meidum_income,4.529095743835834,-1.2043145300358729
new_user,high_income,-0.7334147814825508,0.3113430945900068
expert,high_income,-6.7080803340255954,1.976800328258582
new_user,high_income,-2.6235542473380864,-0.9561477394681577
norm_user,high_income,2.448013151970636,1.542076174710873
expert,high_income,10.653588692315562,3.752983138537153
norm_user,high_income,5.775619317955421,2.0358029378856104
new_user,low_income,0.30402154297101325,0.07540555215271275
norm_user,high_income,8.676432125110459,-1.1183467599711727
norm_user,meidum_income,6.327115752410019,3.812151172856658
expert,low_income,-0.13246783452718705,1.2344916574112585
norm_user,low_income,-4.476874197224027,-5.57263161995531
expert,meidum_income,-2.365529811523094,0.2843973073014564
expert,high_income,-3.1632496701793933,2.2450319546114157
new_user,high_income,2.3187826723935885,-0.05697415107842814
expert,meidum_income,12.74082737674437,6.613469813755931
new_user,low_income,3.060607775525526,-1.2279869922059963
norm_user,low_income,-0.8480667915640667,-0.8872507918467625
expert,meidum_income,-7.491975678200292,3.0590145949402947
new_user,low_income,0.7989189828888572,-0.5582852399800073
expert,low_income,1.391067986152791,-4.0640269101205915
new_user,low_income,-0.3540466534127088,-5.911100481435456
new_user,high_income,-0.3600449419582171,4.118533904937901
new_user,high_income,-1.2647340127999296,-0.9815079302309149
norm_user,meidum_income,0.5016957499855488,2.536412861230115
new_user,meidum_income,5.307157812157982,0.822805569004802
norm_user,low_income,-3.1326371552844385,6.742166718132207
norm_user,meidum_income,2.106459687174123,-1.5722814351257342
new_user,high_income,-9.19112435134679,5.059448658535854
expert,high_income,2.6606894244411974,-1.8190059161722312
norm_user,high_income,3.730561130208816,1.1882377844764265
norm_user,low_income,-2.7055072793748662,-0.08079228269624827
expert,meidum_income,-8.057542772912656,2.9683428622027677
norm_user,low_income,-2.2021018779075145,3.8746478519568406
norm_user,high_income,-2.229380912998215,-0.6977254318544865
norm_user,meidum_income,-3.2800051991104118,-2.391798480472003
norm_user,meidum_income,-0.6756408271365989,-2.8864565609670736
norm_user,low_income,7.060238007368733,-2.7703554150967293
expert,meidum_income,1.464063857779402,7.027964929743051
new_user,low_income,11.386435132322063,-2.887517031080807
norm_user,low_income,-7.453649743984299,-3.792483159724034
new_user,low_income,-13.776453134995661,-0.9323592587303797
new_user,low_income,5.327865114826844,-1.4677621739493516
norm_user,high_income,6.146426231646646,6.11782162808673
new_user,low_income,-0.3437897719436927,-1.423001074028198
expert,meidum_income,-11.74780517254726,0.7804130412217715
new_user,high_income,-9.195464222273145,-1.7003571200067544
expert,low_income,-6.208361756038424,-3.849715367087251
expert,low_income,3.257384507874612,7.773748565399405
norm_user,high_income,-7.860839203064236,3.5910680584112153
norm_user,low_income,5.158243377173361,-2.4187047447156003
expert,high_income,2.2476510320078096,-0.20432152402944984
new_user,high_income,2.4254553478465106,-0.9227505205599513
norm_user,meidum_income,-3.35910720653478,4.2565140240271475
new_user,low_income,5.6703977186653995,2.1082923818611117
new_user,meidum_income,4.398984342126312,-0.5306062440718402
norm_user,low_income,7.6660145629793135,-1.5972545371705134
norm_user,low_income,1.6365630046391968,-3.7981480572869866
norm_user,meidum_income,-6.188628843158515,3.3862480027618247
new_user,low_income,-10.67165131814473,3.0605202570165284
norm_user,low_income,0.7765238375431095,2.123143145094202
expert,low_income,7.117898702448974,-4.339224886676592
norm_user,high_income,-15.162438726793718,-1.2707664056510235
expert,high_income,-4.165207686541103,-2.520295489622903
expert,low_income,6.952184816149879,0.8822534901888568
new_user,high_income,-1.8902140673179004,-4.469501033737607
norm_user,low_income,-4.789621825991506,3.603782351582062
expert,low_income,-1.22153607284289,1.691583414855402
new_user,high_income,1.569679355463303,-3.649689886163775
new_user,meidum_income,-6.439675268486802,-3.8808897030961327
new_user,meidum_income,-1.8534894006081615,0.7503783719585125
new_user,high_income,-6.315944509959261,-0.2683497404151776
new_user,meidum_income,0.12444668864150726,1.5511741567861195
norm_user,low_income,-8.959744011544622,0.1172152215696273
norm_user,low_income,-2.8107157381120587,2.3422475247178465
new_user,low_income,-0.7299360000381641,0.5560500204454827
expert,meidum_income,-8.065393332476864,0.07569816732756508
norm_user,high_income,-6.7254876610858725,2.0276571586857806
norm_user,low_income,-0.8436776481306013,1.647362156194712
expert,high_income,1.1788979701363127,2.746281630178242
norm_user,meidum_income,4.4482359890649565,0.7747649634198295
new_user,meidum_income,5.864808305763093,1.3474676166471073
expert,meidum_income,-3.42495862963718,-2.0431596759581567
expert,low_income,5.261263168659379,2.862308803089177
norm_user,meidum_income,-1.3768734600031127,2.302949072701911
norm_user,high_income,5.978220746437409,-2.6052196425374663
expert,low_income,1.5266516354250779,2.5403886131046356
new_user,high_income,2.1531456015363766,1.3640231704055
new_user,high_income,-0.5092566200886625,-3.419660531752881
expert,low_income,1.428379420079131,-2.180576183145649
expert,meidum_income,-13.550323521231464,1.0580923140101983
expert,low_income,-4.848814064970263,-0.32713558577865304
norm_user,high_income,-1.3830376037701302,4.663646919218936
new_user,low_income,7.103465262082144,-3.529145317681744
new_user,high_income,-14.887287874795392,2.132936062876584
expert,meidum_income,3.318632357422162,2.980648606743087
norm_user,high_income,-1.678344166692505,-2.643011882726686
norm_user,low_income,2.930706757372702,-4.966265709141307
new_user,meidum_income,-5.075983721622791,-1.8690521708251104
expert,meidum_income,-1.492897897531763,-1.3382250304825596
new_user,meidum_income,4.231340384388018,5.16595315667421
new_user,low_income,3.6677477634675046,4.294516941834744
expert,low_income,7.455991739723099,0.44808027194496003
norm_user,high_income,-1.5357412421166863,1.6393270324192808
expert,meidum_income,0.7190970049663031,2.368469722205438
expert,meidum_income,5.859017601170791,-0.17864382187515504
expert,low_income,-8.447139691719851,3.5062618292258545
norm_user,low_income,15.958212747938024,1.2050766169641245
norm_user,high_income,8.24696314819548,-1.7476074496710425
new_user,meidum_income,4.528829075529882,0.38172485041882614
norm_user,high_income,-3.6040186270632106,4.646075440760556
norm_user,meidum_income,10.297580553498753,-0.29762478989773866
expert,low_income,-4.012910418410621,-1.5271833326642992
new_user,low_income,7.6229888030022055,1.9997344861220139
expert,meidum_income,-4.38448343257323,4.093618803778279
new_user,low_income,3.419610004261621,3.112825254728761
norm_user,high_income,1.1683701060606546,-2.7895759006388197
norm_user,high_income,3.784799638528286,0.27624125155576146
expert,low_income,2.239445899044098,-0.4438873962730561
expert,high_income,-4.427695150932634,1.465685931914991
expert,meidum_income,-14.752751688344352,-1.7770143746775438
new_user,high_income,4.990048256706919,-0.12642306338664788
new_user,high_income,15.275644335904097,-0.8107422299661077
expert,low_income,1.6696028390934259,-6.258933025115764
expert,high_income,4.19237660632355,4.227862770919938
new_user,high_income,-0.3906633407316187,0.4079682439889314
expert,high_income,7.043132622432377,-3.73675079321866
new_user,meidum_income,3.3811122589340843,-2.009374263692009
norm_user,high_income,4.4187904802487505,0.5862166031413693
expert,meidum_income,-2.409196383040565,-4.159662206295341
norm_user,meidum_income,0.5090645066971139,4.455790961883698
expert,high_income,-2.92330300167929,1.2989029573223614
expert,low_income,-1.056879166295739,0.5652073630970214
new_user,low_income,2.7276559221230796,2.9531349367562547
new_user,high_income,4.4322056890335535,0.08578670507190797
new_user,low_income,-5.047177078573096,-2.180427940958828
expert,low_income,-2.3097596073151103,2.767055199424129
norm_user,high_income,0.5857144331177507,-2.02551054666716
new_user,high_income,-2.854067576542982,-2.416838237068624
expert,meidum_income,-0.2650306023222313,-1.7275285255696653
expert,high_income,-0.5286802639084519,0.32573116251789264
expert,low_income,0.3058370619145057,-5.224816915481055
new_user,meidum_income,-6.1259897326202415,2.4384768450251135
norm_user,high_income,-2.378487126073653,-2.1515375490277835
expert,high_income,5.3166831342495655,2.9264074164245595
expert,high_income,5.662999081267319,-3.9473843031741227
norm_user,high_income,2.4471036861192954,-2.61205877135737
norm_user,meidum_income,-1.8784185115180587,-1.3418136265062557
norm_user,meidum_income,6.0103532053542725,-0.03427287156524942
norm_user,meidum_income,-6.390369991089048,1.7561697546030695
new_user,low_income,1.0591063440443085,-1.7189307898883954
norm_user,meidum_income,-3.20603913928958,-2.9881270973666134
new_user,meidum_income,3.110209328439464,-1.0607335382237306
new_user,high_income,-4.671329602766452,2.612087429038059
expert,low_income,-5.0768399612469794,-4.895635100988748
norm_user,high_income,2.750841754527328,5.414912461646395
expert,high_income,4.719465729983549,-2.5701943276405066
new_user,meidum_income,0.8478175162047069,-4.382429874495555
new_user,low_income,-2.949967856552951,1.1532978651794459
expert,low_income,1.3163850453701034,0.7430386030350963
new_user,meidum_income,11.044695604414358,-0.24514160115551964
new_user,high_income,-3.201788073820122,1.3069115857787243
new_user,high_income,-8.588301656602033,2.495972931365304
new_user,meidum_income,-0.9543598575622503,-0.044163030374839055
new_user,low_income,0.84851912438155,4.774218145898594
expert,low_income,-7.052911802681091,-0.5763515870188369
new_user,high_income,1.4705497190314927,1.3414545201982984
norm_user,meidum_income,-4.893209923415162,-0.858073804127047
new_user,low_income,2.7588621516140552,0.06077971670246988
new_user,low_income,7.433437125050391,3.373255121293396
expert,low_income,4.474920798925018,0.9345453818669454
new_user,high_income,4.810104346167408,0.679077704305982
expert,high_income,-7.646735831223605,-1.631941879470534
norm_user,high_income,-1.618589769498207,0.5751699968422699
expert,meidum_income,-7.807366962099415,0.012119453960028616
expert,low_income,-0.804099032653191,0.2716533223740295
norm_user,meidum_income,4.5787708800333435,1.199766858486062
norm_user,meidum_income,-7.168224699875289,-2.9918560061615835
expert,low_income,-6.103610242938544,-1.7342704145455947
expert,low_income,-2.27067981465407,-0.9211628044179629
norm_user,meidum_income,-4.8604797880840405,-0.45884472553134503
expert,high_income,10.067464858271734,2.8528703388672563
norm_user,meidum_income,7.15049127247706,-2.8431341509483383
expert,high_income,-1.0080574721693443,-3.258793559443917
expert,meidum_income,-0.4964455047860096,-2.6441384148002482
new_user,low_income,4.133129558799525,2.362502792868078
expert,high_income,-5.619942064130518,1.5961192628420013
new_user,meidum_income,9.6767987740351,0.0654957107850657
norm_user,high_income,-5.248834897286244,-3.944471384243612
norm_user,high_income,5.3483341362474865,1.3232087502375325
norm_user,high_income,-0.40078210652016605,2.2073570464139745
norm_user,high_income,-2.61150875807332,5.746740977394552
norm_user,meidum_income,-15.316571633844877,-2.8148649881422028
norm_user,low_income,2.2435574054536724,-1.144772018232309
norm_user,meidum_income,-0.41680159012682844,-1.2782336551075635
expert,high_income,3.413203293140797,-0.10636272488991005
expert,high_income,-2.4051607338296335,3.194504991315486
norm_user,low_income,-1.8740388673716046,1.2505267238603825
expert,low_income,5.705907395422947,4.274261350148438
norm_user,high_income,0.28712505929335286,0.8473850056785728
new_user,high_income,7.9962192869218685,0.7206483072596999
norm_user,high_income,-2.49169832535507,0.3766528120943552
new_user,low_income,-13.291889997662945,5.348838335069111
new_user,high_income,3.605240119780393,1.280251417704983
new_user,meidum_income,-1.772428066841971,7.142719879540142
expert,high_income,8.98964208797943,-2.9526116942088154
new_user,low_income,8.94968418656314,-2.7389352567117515
norm_user,high_income,-2.1255173951619204,-0.5193197173375007
expert,low_income,3.9781515081210546,-2.070763249852738
expert,high_income,7.556457431286111,3.431547279692346
new_user,low_income,-2.8032346963038846,0.20777697739259599
expert,meidum_income,7.598187766339941,-3.4231290229383315
expert,low_income,-3.399119639285785,5.214977703639279
new_user,high_income,-2.396014402787641,0.005447054802571463
norm_user,high_income,3.9963861270396146,-2.950804455845751
new_user,high_income,-10.645513219595736,2.4590523144724483
expert,low_income,-0.3225563659599874,0.3803315546610402
norm_user,meidum_income,-5.016180493490591,-2.502625425155646
new_user,meidum_income,1.3034066775337032,0.26957609393053383
expert,low_income,0.9745567592277099,-4.363177527503328
norm_user,low_income,-2.759348842361419,1.9211550809125566
expert,meidum_income,-3.844581802203266,1.6789071969818175
new_user,low_income,-3.9658141313027855,1.5552542245054193
new_user,meidum_income,-4.723985179960272,-1.5867042439795451
new_user,low_income,-0.12854049498614292,-5.935538792061173
expert,high_income,-5.389571198232806,-1.746751153448201
new_user,high_income,-5.347947721483186,0.8634218764151502
new_user,low_income,-0.7768150400179773,-1.9867946820170423
new_user,meidum_income,5.017127652789796,-0.6513197591118483
expert,high_income,-5.692362326557844,-4.363735121516466
expert,meidum_income,2.3038930779241973,1.8074416537305327
expert,meidum_income,-0.5276400102083917,-6.249174437296514
expert,high_income,-4.083361657090437,-1.3801454815720322
expert,meidum_income,4.405860105936325,-4.41418737343363
norm_user,meidum_income,9.299710923644101,-1.8783593591224719
expert,low_income,-0.32560836564300033,-1.2446382246887067
new_user,low_income,-0.2495322989035812,4.562500412118693
expert,high_income,0.25782147162189,2.132853992425007
norm_user,low_income,0.6146687566050271,0.3582679144439706
expert,low_income,8.326934305375035,-2.6704752653865578
expert,high_income,-0.33255741716495085,1.5070666682064515
norm_user,meidum_income,-3.2754929907367365,-1.139494268693958
norm_user,high_income,-6.513303766543102,-0.6061028735005749
expert,high_income,1.78254429331237,-1.6599004130154706
new_user,meidum_income,-3.2721567228385364,-0.7974393621411979
expert,low_income,9.34676366894655,-0.48587295442445977
expert,low_income,-2.329170908355121,-1.1455639437822187
norm_user,low_income,-0.3293795270899888,-4.1633273328493114
norm_user,low_income,2.6966443731445313,-2.550684393813044
norm_user,high_income,-4.347191992871994,0.2455935260617923
new_user,low_income,-2.475893895962856,2.146170960089802
new_user,high_income,-10.266050385226633,-2.5821453304734145
norm_user,meidum_income,-0.40829622680885463,3.1999468352094977
new_user,meidum_income,4.300498688341356,0.48799737182025205
expert,low_income,-5.025149257011492,-4.735334483691344
norm_user,high_income,-7.351811210095079,1.938429486617589
new_user,low_income,5.200795365980396,-6.065365577553237
norm_user,high_income,4.038086997771177,-2.214340300565337
new_user,high_income,2.670401099243944,0.0377299611949082
new_user,low_income,-12.576511616601191,3.0451659509219593
norm_user,meidum_income,1.0682922420183214,1.421735691035139
expert,low_income,0.6135480821919511,1.2606802389979666
new_user,meidum_income,-6.03181392647951,-3.8410686032388863
new_user,low_income,3.5680018630189716,-2.319521824178
new_user,high_income,-4.749003089072937,3.6860004316914563
new_user,low_income,-10.301021422696579,3.292202715772425
expert,meidum_income,-9.023113999598841,2.7787559446947694
expert,high_income,-3.1029237628851014,-1.7955832521199668
expert,low_income,3.619341588919163,5.34995634525633
new_user,high_income,6.100851616800682,3.929927139453263
expert,low_income,0.5128832751105571,0.708937609365182
expert,meidum_income,0.6199122969579742,3.529498272287908
expert,low_income,-0.8217165018722941,2.1164998203234546
norm_user,high_income,3.8996235926665763,-0.6552962354376455
expert,low_income,-7.951793097469045,0.32127365232328325
new_user,meidum_income,-0.12237246690826414,-2.3268349958889214
expert,low_income,-4.941888859692472,3.408538143036009
new_user,high_income,-3.3064822463741876,5.284180979594321
norm_user,low_income,1.5739936812778672,-1.2208731064865306
expert,high_income,7.351567915244198,-2.6117030475545766
expert,high_income,3.7704251831543423,-2.702275218859204
norm_user,meidum_income,-10.359526687250769,2.538677762662282
new_user,high_income,0.1704987737885477,0.31626445534115577
norm_user,low_income,1.1803556620851405,5.902213654103726
norm_user,low_income,-6.071015569624264,3.1071184975881687
expert,low_income,43.92970650714523,21.633208316773477
new_user,low_income,45.84618773745895,16.32760979310161
expert,low_income,53.190555889230815,19.67486888956433
norm_user,high_income,57.8221724173378,18.08165281223343
norm_user,high_income,52.89356967997628,16.853101383964365
new_user,low_income,53.06211082863133,21.0731384180931
new_user,meidum_income,45.94085409987808,17.728196600002313
expert,low_income,48.50266331381149,17.577902198232845
expert,high_income,57.54834273518266,21.359239170813666
new_user,high_income,55.84544733868212,20.505416001147996
new_user,high_income,49.26553877045956,19.760573810115435
expert,meidum_income,45.73402530978313,19.186162862251052
expert,meidum_income,48.44641394442492,20.499325146305335
norm_user,meidum_income,40.83141704322296,25.164225327456485
expert,low_income,51.83010785529174,19.767165885221683
expert,meidum_income,57.253821915846125,25.819448669819014
expert,high_income,44.292717210146186,20.155241441282048
norm_user,high_income,47.510727314259285,17.17368836339523
new_user,high_income,50.7332970198755,18.0642930229215
new_user,low_income,47.26045184880433,13.020777014417163
new_user,meidum_income,46.20366508112647,17.82779699443382
norm_user,meidum_income,52.00949303885493,21.514042320636328
norm_user,low_income,56.844491571171176,21.586783733227914
expert,high_income,44.45409362883398,20.164791408530363
norm_user,high_income,48.195046238457714,23.479753477392865
norm_user,high_income,48.31263409845118,16.86878897860281
new_user,meidum_income,51.56496990442634,22.12652877955819
expert,low_income,45.29558966027319,23.674173412491868
new_user,meidum_income,50.544228640094325,23.199282540671973
norm_user,high_income,50.659601457776915,24.59524199400544
new_user,low_income,40.600011691111185,22.593291764934754
new_user,meidum_income,46.3172275966801,17.92039059374484
new_user,low_income,53.525151392468445,19.420857616314322
new_user,high_income,48.737831587572316,12.768454087730706
norm_user,meidum_income,46.48532743560386,23.817679435341745
new_user,low_income,52.875099969821754,19.618446676840897
expert,meidum_income,53.86392249194224,16.29194054495268
expert,low_income,55.404163024584484,21.757065919427923
norm_user,low_income,58.897484264916955,17.791135705643747
norm_user,meidum_income,49.34273720343546,22.166375010441186
norm_user,meidum_income,53.44414795153804,16.928340033504323
new_user,high_income,44.18399794396446,22.61750359988971
expert,meidum_income,51.78562615465921,17.366714055073327
new_user,high_income,43.80873059258035,26.44615440015518
expert,low_income,52.84551281100591,17.14895258669003
expert,meidum_income,58.5801299950366,19.957510937839636
expert,low_income,61.365861193089344,12.195573189922104
new_user,high_income,50.58612190178584,18.113160132012105
norm_user,high_income,47.10053015043634,22.24109737820297
new_user,meidum_income,49.60638953340415,16.74384961931326
new_user,low_income,51.48518721637373,23.778953294125415
new_user,meidum_income,51.88896257287504,17.702272795834972
new_user,low_income,46.75461436618169,22.37205522481694
new_user,low_income,54.83681571058906,20.85746609499125
expert,low_income,45.09487024349919,26.288162348007162
expert,high_income,53.97486712276991,20.997696215301424
expert,meidum_income,54.0523500374575,17.748755780124068
new_user,low_income,54.21097951013209,15.23156873437646
norm_user,high_income,51.26563078492337,15.454107763952885
expert,low_income,46.2762802098105,21.22431553979971
expert,low_income,50.40296443411835,13.34031653124254
new_user,high_income,51.36531440990485,22.566434778249494
norm_user,low_income,51.70894210877413,21.955095309641287
new_user,high_income,45.46981832464063,21.623481258702867
expert,high_income,57.82560889833171,19.72465806708296
new_user,low_income,56.22248309409516,24.04038586089833
new_user,meidum_income,52.68181362891312,22.627594458525255
expert,high_income,58.60120428171675,22.60606385301239
new_user,high_income,49.078673018071115,24.04585254706544
new_user,meidum_income,49.79633162311201,19.339241437552314
expert,meidum_income,48.56927547335423,16.150162453840395
norm_user,low_income,50.387804787789676,22.836475016018138
expert,meidum_income,57.44448137876131,16.6500580473963
norm_user,high_income,45.59438165101938,22.845648587017063
expert,meidum_income,51.60483154217206,22.093177211444004
expert,high_income,55.36808302368957,20.895854120101824
norm_user,high_income,55.92203024145155,19.301427930484422
new_user,high_income,51.55782442987995,16.365376459955815
new_user,low_income,50.17246418175511,22.637478588038203
norm_user,high_income,49.69782328094675,24.920356056963975
norm_user,high_income,56.00616339424472,20.97523281688143
expert,high_income,53.71598616933239,17.347095301562252
new_user,low_income,48.67514718894123,21.132358423804096
expert,meidum_income,53.9045995840922,14.250977895595867
expert,meidum_income,49.25603851790072,17.170696769334135
expert,high_income,44.24727712818518,16.94438792652796
expert,high_income,50.8460267435852,17.343309838428162
expert,high_income,52.71381985703482,24.62006673525484
expert,high_income,46.74484481903217,20.884027533344298
norm_user,high_income,48.162322145294816,15.627914136455331
norm_user,meidum_income,56.994403751346994,17.628464767000693
norm_user,high_income,51.51586258400465,20.837885005394163
norm_user,meidum_income,46.20228069262741,18.303290323951998
new_user,low_income,51.531336106183815,23.292001857192666
expert,meidum_income,46.60876473670457,20.25427768027065
norm_user,meidum_income,46.23333951795895,23.28749479202362
new_user,low_income,52.974191855017864,19.517204479671012
new_user,high_income,48.84105624197658,24.376348568664945
norm_user,low_income,41.565232643713045,21.815650950849008
expert,low_income,38.699728442471994,20.955471108574734
expert,low_income,44.46667552871524,20.689328348453888
expert,meidum_income,56.25556006711014,17.60672863586046
new_user,low_income,49.482184764023394,17.76246208031264
expert,high_income,55.89237526635034,19.659741170618815
new_user,low_income,52.27993596936744,19.327747519330217
new_user,low_income,52.33796338436692,16.153933868380733
expert,high_income,46.974544974206154,20.195250465635212
norm_user,meidum_income,50.31471960604861,16.111181028307666
norm_user,high_income,45.30622836970265,19.07702448837271
expert,low_income,46.80185218622604,21.685992006575958
new_user,high_income,52.11947113785714,13.78235734618908
new_user,high_income,43.199228792611024,23.684647367693085
expert,high_income,52.5328858071271,19.03368277029437
expert,low_income,52.50030747384881,24.866261801110586
norm_user,high_income,56.32375774274099,18.94844924432525
expert,meidum_income,43.37019536450119,18.36369875040051
norm_user,low_income,54.32356871062185,19.57877060668924
new_user,meidum_income,53.98664442060776,21.704132558214468
expert,low_income,62.639528693895315,24.17489913172047
expert,high_income,55.084761150105365,19.91999016942957
norm_user,meidum_income,50.528950076511,17.34382961574765
norm_user,low_income,42.637255354735174,19.949755999693746
expert,high_income,43.58434332101317,22.650585804016522
expert,meidum_income,54.56233997582062,19.461907612248293
new_user,high_income,52.28361415717656,23.057558061557806
expert,low_income,45.84036044362501,20.416418819029875
norm_user,low_income,47.967462072679474,23.71999957771873
expert,meidum_income,56.002772424196955,22.89241465647712
norm_user,high_income,53.11416626880987,14.368736838299036
norm_user,meidum_income,48.4275631966781,13.569299526517181
expert,meidum_income,56.407450099664864,17.880830953743466
norm_user,high_income,56.160007708524084,23.161300537710346
norm_user,high_income,49.578910822306284,21.293269151742656
new_user,high_income,49.42184287477079,20.411858363237627
new_user,meidum_income,52.10836804066142,18.892992355433947
norm_user,high_income,48.33264533666337,18.711619115813274
norm_user,high_income,54.35977956451383,21.50349745147567
expert,low_income,58.89847148363785,24.86680352196661
new_user,high_income,44.96876637858236,17.656671917582656
expert,meidum_income,53.04672734282835,20.935846263051204
new_user,low_income,51.030762032821535,24.79209483020891
expert,low_income,42.20556776354676,20.005449737435942
new_user,low_income,48.20549783793276,24.224881292529833
new_user,low_income,52.968565311421536,18.804451535363125
expert,low_income,45.63711014951588,16.503743116554055
norm_user,meidum_income,44.43630914911607,18.36709976843421
norm_user,meidum_income,49.3890680548818,20.557181194182252
new_user,meidum_income,43.0828776602491,16.013760705164792
expert,low_income,43.471262075995824,20.720957120762293
new_user,meidum_income,46.09883910724952,21.896791453630932
norm_user,meidum_income,46.011324303897574,19.547443163322892
expert,high_income,46.480786229617635,20.466974275098803
norm_user,low_income,55.39105755594823,19.864766454315326
expert,high_income,49.008779330861195,22.11337968205733
norm_user,meidum_income,47.874483043890784,16.942243265379055
norm_user,meidum_income,43.88034763612208,22.484587092385297
norm_user,high_income,40.45623488855177,22.341555609693813
expert,high_income,55.50580083276743,23.664737943832463
new_user,meidum_income,46.07293928297657,15.866194653507609
norm_user,high_income,51.57146013766367,23.57739900809247
new_user,meidum_income,52.10291112324571,23.483296393109
norm_user,high_income,48.2274746086188,19.676370431810525
expert,low_income,50.707825656463754,21.333079757346294
new_user,meidum_income,54.34216317874154,19.810226701008
new_user,low_income,54.13707956537087,20.89753494297051
expert,meidum_income,49.48683252793268,17.164787086987968
norm_user,low_income,51.51228511296262,21.390035855256208
new_user,high_income,48.99597215133235,15.714798442191555
expert,meidum_income,57.73258501450491,24.804700345413792
new_user,meidum_income,49.262696155392355,21.722048843810267
expert,high_income,52.65150579914562,26.243249822602717
new_user,low_income,53.47968641676259,22.090113295883725
norm_user,high_income,47.946752228593624,22.260869883790686
new_user,low_income,48.54353014687258,17.497003207716265
expert,meidum_income,52.365463212345034,23.67800951864179
norm_user,high_income,55.81339452803644,17.888534097272938
expert,high_income,40.624967106767684,25.15356429231746
norm_user,low_income,51.62655792174696,22.470050854136662
new_user,meidum_income,54.57154730200519,13.332997540029572
new_user,high_income,51.42246428286491,21.966421854001247
norm_user,low_income,52.5671569009562,25.762983273822936
expert,low_income,50.29634363578261,24.324008912108695
expert,meidum_income,50.48230031397098,17.316689294976346
norm_user,high_income,43.575137757298556,14.934061139447103
expert,low_income,42.283641324030285,21.93870373728084
expert,low_income,49.99544697434399,18.82100277202539
norm_user,high_income,49.48307162990859,15.76826238071607
expert,high_income,49.49718144591291,20.8066365424827
norm_user,low_income,45.55381007188051,18.299190302209983
expert,meidum_income,55.27322633781495,20.00488102147538
new_user,meidum_income,52.60145774584361,22.882695427037323
expert,meidum_income,56.58015685607361,14.91337506933888
new_user,meidum_income,50.493489785825226,22.20199062406414
expert,high_income,50.02929431390048,23.458506614080278
expert,low_income,47.797156515003444,14.342963896027694
norm_user,low_income,49.74409312195551,21.44544377569934
norm_user,low_income,54.04357050440683,23.106350650517705
new_user,meidum_income,45.635552954735836,21.548328409886924
new_user,high_income,52.88948339127721,17.40016089559951
expert,high_income,55.48620245355276,16.179865651104603
norm_user,meidum_income,42.51640834453464,20.75042348045461
norm_user,low_income,56.58338459162307,20.401432019569267
expert,meidum_income,50.730472597383006,26.320766972636754
new_user,meidum_income,46.8946397289482,20.254050845531584
expert,low_income,51.17395200378931,24.794369199305425
norm_user,high_income,56.38594087933798,23.61390944477474
expert,high_income,47.329813797974,18.69901622286131
expert,low_income,51.01884980328994,17.45084516705072
expert,meidum_income,49.43645565909113,14.953276095869784
norm_user,meidum_income,53.2210201856801,20.55751739541376
norm_user,high_income,53.44988302877102,21.058871611105694
new_user,meidum_income,52.35365228166615,18.143758425248144
norm_user,high_income,49.24104178384557,17.861499072929757
new_user,high_income,39.181438330899695,14.76925363754298
new_user,meidum_income,43.68344425110453,18.7401263973376
norm_user,meidum_income,53.70683294122684,21.634736659639238
norm_user,meidum_income,46.821532884824975,19.80384577651858
new_user,meidum_income,52.49354698193426,15.317969163556343
norm_user,high_income,43.76713178876175,19.18307777826204
expert,low_income,48.54412757968697,12.962081984977004
new_user,meidum_income,55.151517475876076,18.11034648952462
new_user,high_income,57.06158866550738,23.0584061396331
new_user,meidum_income,48.007927176712734,20.186534182156617
expert,meidum_income,55.786718485022476,19.208719938047818
new_user,high_income,53.502782127172004,20.85577457503669
norm_user,meidum_income,48.12559861859236,21.43095227292586
norm_user,high_income,57.06790575175576,23.982462075048375
expert,meidum_income,42.71037932237287,26.781936249802804
norm_user,meidum_income,43.61051035181472,22.518548326435564
norm_user,low_income,53.299641150983504,18.723660013093394
norm_user,meidum_income,48.5170988363885,18.324793851705444
expert,low_income,50.26324279452456,19.39656879247796
norm_user,low_income,46.91675627068736,19.171693933121443
expert,low_income,50.54407368802453,19.7934520680716
new_user,low_income,44.27262152820633,18.9758154577554
expert,meidum_income,50.13917397381854,21.14123057135462
new_user,low_income,54.335242486754666,24.879573067794553
new_user,meidum_income,48.16289967935912,21.062937012219564
expert,low_income,43.71324813128213,18.30950353477953
expert,low_income,52.27447645218341,18.942870771003985
norm_user,meidum_income,53.18589661950386,16.420056023028252
norm_user,high_income,50.11110880384621,21.51828097040541
expert,low_income,45.98276169073155,23.154036000984025
new_user,meidum_income,54.591019801051075,20.282179059143616
new_user,low_income,50.15065109013477,17.66645199977483
new_user,high_income,45.7874813662472,18.60627025372301
norm_user,meidum_income,57.96223469834665,21.880316481734067
norm_user,high_income,58.014829942213794,16.186775568966247
expert,meidum_income,50.42021029509764,20.700428997472862
new_user,low_income,46.012269787721266,23.44563800549916
new_user,meidum_income,47.872739404597205,16.898249888572675
expert,high_income,57.0325140059802,16.059357686090802
new_user,high_income,51.44232107403308,17.5335103388817
norm_user,high_income,51.729050297699814,21.05186238569897
new_user,low_income,42.928847742502484,18.697240216927312
norm_user,meidum_income,55.376655198239725,18.01885081205687
new_user,high_income,52.629668240246744,20.294029406373422
expert,low_income,55.83598689658984,23.57981513669527
norm_user,high_income,52.131173627846714,19.947573391725438
norm_user,low_income,41.9766214470482,18.662277595250814
norm_user,meidum_income,52.61377656759167,16.346688614964233
new_user,high_income,45.50771476953009,18.150244790246383
norm_user,low_income,51.44981722452832,14.274678129046823
new_user,low_income,48.521451751382486,25.98517078504126
norm_user,meidum_income,54.575118101925916,19.970069028253537
norm_user,meidum_income,48.00616974867909,22.128512951283845
norm_user,low_income,52.87439461855712,19.65838398984299
new_user,low_income,53.86379780376923,25.20514915699473
norm_user,meidum_income,46.228945318600516,25.798438829227994
new_user,high_income,52.84025016461196,23.80674115908832
new_user,meidum_income,42.48308208909815,23.03498929765046
new_user,high_income,53.2968981449929,15.055009455412083
norm_user,meidum_income,44.847536783329254,19.91757144644061
expert,meidum_income,44.253351857370106,23.258932694060586
norm_user,meidum_income,53.72741488180711,20.22019749456245
expert,low_income,44.932093959632084,21.230932395919375
norm_user,meidum_income,53.553146044203906,18.717174298056634
expert,meidum_income,49.84705765198424,21.30434032617542
new_user,meidum_income,46.422900006503745,19.49754238513067
expert,low_income,51.50880161202264,17.353837341551777
new_user,high_income,47.14299665593496,20.557784588656823
new_user,low_income,55.9740510588258,26.937556486830502
new_user,high_income,43.38699578420199,17.299110970370627
expert,low_income,49.10070395003982,18.981934395720785
expert,low_income,45.23837293827115,21.30936752989202
norm_user,high_income,53.3826308564538,18.11022150952624
norm_user,low_income,47.069115750519174,26.305585646962896
new_user,high_income,49.69486560467512,23.960261744657732
new_user,high_income,46.409894763662045,19.285249355110672
new_user,high_income,48.658562642969414,22.60168520825976
expert,meidum_income,53.23194464840076,19.863401364129825
expert,low_income,43.50488505139419,20.012456816318497
norm_user,high_income,51.51882401006966,24.555592073181124
expert,low_income,52.107709600524,22.887430941159252
new_user,low_income,58.31931691629276,16.713133763124244
new_user,high_income,50.11212029028911,16.449344174868344
expert,meidum_income,49.44136925333477,17.592773069327226
norm_user,high_income,48.98350205168619,18.56195496523219
new_user,meidum_income,48.050039078415246,18.5479956777715
expert,high_income,58.459599924794134,16.12640499607052
new_user,low_income,97.74544198145617,37.70704709376554
expert,low_income,105.11140668361051,38.88733687927543
new_user,high_income,95.80001939147469,39.34344107335816
expert,high_income,97.02088124384933,39.99389500383415
expert,meidum_income,99.52202930665786,42.68395412310022
expert,high_income,103.01294343301242,35.41758586320973
norm_user,high_income,96.9356889082467,35.99710737924023
norm_user,meidum_income,95.15484419533816,43.829335743897936
new_user,high_income,99.71732984530443,35.86458030509429
new_user,meidum_income,100.90604075378674,39.147897410118745
new_user,low_income,102.37125040033834,40.82228050586319
norm_user,meidum_income,108.32533511462262,41.02714833150678
norm_user,high_income,97.40808314089125,36.93399497967019
new_user,low_income,105.18724964788727,42.87513462236961
norm_user,low_income,95.30001759306685,41.852703915610746
norm_user,high_income,101.33406906078677,43.68637157295725
expert,meidum_income,103.64920078587014,39.34204037832382
new_user,low_income,94.49870206092717,40.91370641828355
new_user,low_income,101.19355890181647,42.38172860445782
norm_user,low_income,113.91774747402596,41.28732642285297
norm_user,high_income,98.57201580477897,43.18283984646945
norm_user,meidum_income,104.12250468961146,40.30151168361365
norm_user,low_income,97.48357710183178,42.07348074648533
expert,low_income,100.93679186178963,42.40081135213689
norm_user,meidum_income,101.03110421739397,37.820687653414325
expert,high_income,98.87540471328307,31.079491223379193
expert,meidum_income,97.03759440603831,44.179204775338064
new_user,meidum_income,96.1242643103839,47.548746199698854
expert,high_income,100.95428447590311,38.58157009066373
norm_user,meidum_income,97.11043669592355,44.62154744040178
norm_user,high_income,99.54582020877709,41.59320438204151
expert,meidum_income,94.64173876593135,32.44831525519206
new_user,low_income,90.85530651682568,41.224565057307615
expert,meidum_income,104.51181650819639,36.40096690553555
new_user,low_income,100.69658169847283,41.456059965949954
new_user,meidum_income,95.35130137114245,40.82798367749705
new_user,high_income,106.44677141987577,37.39052288523856
expert,high_income,102.29260823599705,33.13624638513254
expert,low_income,89.17126261084316,35.70935654468462
expert,meidum_income,95.80036720442585,38.61307698322092
norm_user,meidum_income,107.7917857583352,37.0397614768732
expert,meidum_income,101.85283347936222,36.99213046952807
norm_user,low_income,95.78462691132853,34.36441593325746
new_user,low_income,110.29758160930776,42.385674529400646
norm_user,meidum_income,101.3316666948072,41.783804523335505
new_user,meidum_income,103.37516754679518,37.42274919091736
expert,meidum_income,98.43937419616594,41.98378586771722
new_user,high_income,110.0362365641472,39.814195176889754
expert,meidum_income,105.43902671614148,40.55263052494437
norm_user,meidum_income,95.6292478726034,43.77186418593435
new_user,low_income,94.15649342692771,39.90526595901561
expert,meidum_income,104.13633686766042,37.02679826788051
new_user,high_income,102.07654114196701,43.52907069161256
new_user,meidum_income,101.75892077809155,39.646481496796454
new_user,high_income,99.57803857724275,40.588087656988094
new_user,low_income,94.80459497406504,38.12995502442965
new_user,high_income,99.12753653727972,46.92472201290884
new_user,high_income,94.50477497740302,35.20108313148244
expert,meidum_income,94.4499746483683,42.68665953258239
expert,meidum_income,95.0888640018518,42.2225436129142
norm_user,meidum_income,94.97022808945854,38.68980259640671
new_user,high_income,103.59104305224982,41.020724133537406
new_user,meidum_income,106.29869615312785,40.36148486165073
norm_user,low_income,104.87332851028899,43.16063060732343
expert,low_income,103.85873404484141,36.22219608359643
expert,low_income,94.5984356253056,39.531626260751594
norm_user,low_income,102.94764276067856,38.273542177999126
norm_user,low_income,104.6559982538413,43.9312219696687
new_user,low_income,108.27649428543913,38.25911168017418
norm_user,high_income,103.52922980782115,35.61469665751682
norm_user,meidum_income,99.89343663686432,37.53321585958765
expert,meidum_income,89.15429409393911,45.11029736930805
norm_user,meidum_income,100.8965450007002,40.96046585239769
expert,low_income,99.91665416816491,39.63560056580582
new_user,low_income,93.92838936569042,42.29622225559354
norm_user,meidum_income,97.36832044754755,39.75947784624105
new_user,meidum_income,104.21365526887739,38.552468087292596
expert,low_income,95.59756652048705,34.489761769743374
norm_user,low_income,104.1620213548668,38.234724545625504
expert,high_income,95.85347629298266,40.88308875981209
expert,meidum_income,97.43747532383877,43.0263619755014
new_user,low_income,103.42090778198933,39.51884970074348
expert,high_income,102.98145562273618,36.34093522757231
norm_user,low_income,102.40407046256895,36.00307414081524
new_user,high_income,92.46601337759871,41.43666735887543
norm_user,low_income,110.65598048099108,37.89195412323105
norm_user,meidum_income,103.70865688819042,38.16208384101545
new_user,low_income,101.44151313894164,37.2777719911299
new_user,low_income,101.5241516507258,41.11106925795383
norm_user,low_income,99.11280282630185,45.02173860204057
new_user,high_income,101.97958666729559,37.89403676959471
expert,meidum_income,95.47019305672369,44.77800992104846
new_user,high_income,104.53894705146344,41.76435176704708
expert,high_income,100.81451647929858,40.57051486057527
expert,meidum_income,102.37489525838093,43.20318426849745
norm_user,meidum_income,100.61629186640712,37.99778897466086
norm_user,meidum_income,92.39084214986076,39.66195381446071
norm_user,meidum_income,96.97645072451385,36.619605642096786
expert,high_income,105.8258672228226,37.56083079351035
new_user,low_income,94.9336356340378,30.080044499314837
new_user,low_income,91.73101924805636,33.81381029106408
new_user,meidum_income,110.44750975705722,44.235894116539036
new_user,high_income,108.67057902516852,38.75877149329069
expert,low_income,99.7847618057354,39.71268963924493
expert,meidum_income,106.4006011223531,39.818348607175174
new_user,high_income,103.28803750297976,42.57139559978745
new_user,high_income,96.69463481682013,40.9041948310353
new_user,meidum_income,98.37186796145771,40.40700306390734
new_user,high_income,92.27899181851052,40.663897777789956
new_user,high_income,96.77112604522704,46.8648382569702
expert,meidum_income,100.75261433519765,43.215767220837044
norm_user,low_income,104.60342297128898,40.24242911905175
norm_user,low_income,101.18135299633263,33.62674505089118
expert,meidum_income,96.63177123621092,36.95152847847035
norm_user,low_income,102.29513640411459,40.24100574179069
new_user,low_income,102.74638634055692,40.77082663426354
expert,meidum_income,94.88528781990176,34.97291458902801
new_user,high_income,90.2376003613734,39.63548628839308
norm_user,high_income,95.79139843700898,34.970556757800914
expert,low_income,106.24592449920813,42.745367402425096
norm_user,low_income,104.06174015452133,43.429285163980936
new_user,low_income,99.19703249146473,32.515230779087595
expert,meidum_income,101.25062813616377,42.18343268162594
expert,high_income,100.75941994329752,38.28726340631642
new_user,meidum_income,97.60512075949623,41.15421441592059
norm_user,high_income,99.01940490971738,36.39280849359192
new_user,high_income,95.91138280231272,37.79609251556263
expert,meidum_income,99.28494147103096,37.20641167738238
expert,high_income,101.11287319614111,42.457823157883624
new_user,high_income,105.97449962325162,36.81588718668405
expert,low_income,99.93154280907646,39.65627251639032
new_user,meidum_income,98.6165387120842,42.884387813621565
expert,high_income,102.7917813248894,34.930087213185715
expert,meidum_income,101.8422364416688,41.356635754759594
expert,low_income,96.30598407378919,38.83183063702156
new_user,high_income,93.33438140196017,42.74840494129072
new_user,low_income,100.98944490199372,39.145960662847635
expert,high_income,102.25849287037639,39.075120392426264
norm_user,meidum_income,109.46492677839387,41.25822071000862
expert,meidum_income,95.58069059344177,48.43431695323072
norm_user,meidum_income,96.12053721801128,40.04337130336299
new_user,high_income,99.9975670839716,38.38104418970896
expert,meidum_income,108.21463411800018,41.818561474013904
expert,high_income,94.12338983311052,40.72213635378896
norm_user,low_income,104.13225208993923,44.52358228360913
new_user,high_income,97.84470071025135,38.69073808231701
new_user,meidum_income,98.31303121426639,39.2643545696476
new_user,high_income,105.84972098816078,37.851549573785185
norm_user,meidum_income,108.66649966085444,40.293610830777105
expert,high_income,99.247006166412,38.92882064356968
new_user,meidum_income,91.29806942413995,31.429235530126476
norm_user,high_income,99.40830491440595,37.213972319395005
new_user,high_income,90.73700085740171,32.550699911547326
new_user,high_income,96.75246459568434,38.782699294810655
new_user,low_income,89.8078768813218,39.93275907558241
expert,high_income,105.97886551822819,39.72350986463621
new_user,high_income,99.77309914368219,40.8517069584851
expert,high_income,101.6851618352037,40.073863476893145
norm_user,meidum_income,97.66227368904607,39.45715147131857
expert,meidum_income,98.98120684929086,38.645348114338034
norm_user,meidum_income,98.60801716705933,37.02994860765845
new_user,low_income,103.41954913762245,41.92797169105465
expert,high_income,97.42498564309064,40.80693708641825
norm_user,meidum_income,99.45406496761294,38.587804115609615
expert,low_income,102.44289061394159,38.486219132435686
new_user,low_income,107.8144302199307,41.00549036581155
new_user,low_income,101.95960505364093,36.16597758626456
norm_user,high_income,98.76486787536227,38.81937862240574
norm_user,meidum_income,98.85861864948416,39.64875111855461
new_user,high_income,90.13628207516946,35.38355265415889
norm_user,low_income,104.79151351939579,44.80638183201819
expert,low_income,92.10538169022617,38.06130222385265
new_user,high_income,103.6060260034452,43.68163110201437
norm_user,low_income,112.01570068401986,39.496125443912916
new_user,low_income,93.98998833078458,38.479476414894926
new_user,meidum_income,99.98048993652469,40.97273243141568
norm_user,meidum_income,100.24679817363305,41.08885806463798
expert,high_income,94.08089891541502,41.71307228190748
norm_user,high_income,100.9495290986332,37.708592935783834
new_user,meidum_income,104.70902751385711,34.57311852722996
new_user,meidum_income,105.18475383204625,35.903055362403535
new_user,meidum_income,100.62122435721881,41.160851816919916
new_user,meidum_income,91.69931866494248,39.94256770165164
norm_user,meidum_income,104.6750675432798,43.440989675568595
new_user,low_income,107.6619841154976,40.01073104274939
norm_user,high_income,107.04503270070703,42.485107705719855
new_user,high_income,100.7956944453209,41.16205467534772
new_user,low_income,103.30483169625941,43.22671570354151
norm_user,meidum_income,92.31666398295349,37.672633626840664
norm_user,low_income,97.20371757071875,41.74584367001979
expert,meidum_income,96.24315539564846,37.51833965846251
new_user,meidum_income,101.37623789494448,45.30369909278073
norm_user,meidum_income,95.31852245641244,44.62286150861307
expert,low_income,99.81757979864584,44.33160878055817
new_user,high_income,99.67487919077827,39.58484378592375
norm_user,meidum_income,99.57820372209173,44.4438680138871
norm_user,high_income,104.94839478105882,39.56628851398845
expert,high_income,104.50455053893201,32.67940774976777
new_user,high_income,102.22138713516681,41.892090498467795
expert,low_income,99.18331948697725,43.73465603551104
norm_user,meidum_income,99.7702005050768,43.55883414782907
expert,low_income,95.19372142513234,36.76308537459819
norm_user,meidum_income,100.26072596854647,41.50093413518427
new_user,low_income,104.22717220824345,38.177927720258076
new_user,low_income,100.0526786105258,40.14213280825772
new_user,meidum_income,90.80550397223912,36.398059049215796
new_user,meidum_income,105.53315414655478,41.10261717327845
expert,high_income,100.05116112262834,43.75123415317579
new_user,high_income,102.52542497823431,42.68227061526367
new_user,high_income,103.34451973599887,39.29772958766025
expert,high_income,100.90384077755745,42.06907839866222
expert,meidum_income,93.79430310094548,39.96587378460139
expert,high_income,95.05617123452146,46.48777373470947
expert,high_income,99.0505854402825,42.240743154568904
norm_user,high_income,102.08349493031596,44.08274764612209
norm_user,high_income,103.45519643735402,39.22876634821279
new_user,low_income,99.23777065336216,40.78095140735624
norm_user,meidum_income,95.14642440537168,42.047770494064416
expert,high_income,102.82294804828955,41.59915638077713
norm_user,high_income,106.38973758715703,36.429367312909875
expert,meidum_income,100.67121567821114,37.706301571561625
new_user,high_income,107.29739825091687,39.15561355814075
new_user,meidum_income,105.48845184823371,43.714208598380715
new_user,meidum_income,98.31578805593729,41.132902432488194
norm_user,meidum_income,107.78918567858102,32.567357449034844
new_user,meidum_income,99.22709775207358,34.323555810140405
expert,high_income,94.03464589306186,39.91877587117795
new_user,high_income,94.77650094142334,41.80569638825583
norm_user,meidum_income,105.18996726710245,38.66264025051416
expert,low_income,100.76299041329789,43.28371443763563
new_user,meidum_income,100.20086631831211,39.16662988947146
expert,high_income,87.3605944641291,40.74880717266973
expert,low_income,102.06297530615738,41.51397822434468
norm_user,low_income,106.135292619636,42.17888998655432
norm_user,high_income,99.17122289181856,33.62627872294554
new_user,low_income,106.50709341351886,36.92540233257979
new_user,low_income,102.89089893101003,39.48632152667841
expert,meidum_income,104.43832751329268,39.9465671626505
expert,meidum_income,94.79161452105326,41.961686559655085
new_user,low_income,102.59435097842082,43.47575627114302
norm_user,meidum_income,101.3197293158406,33.13684259580582
norm_user,meidum_income,98.01278416919486,35.250472682747606
norm_user,high_income,107.96733739228969,38.910903775628405
new_user,high_income,99.64747731574569,42.97515680320478
new_user,low_income,91.91663819964647,40.12858092810745
norm_user,low_income,93.03577774352664,43.00892261586112
new_user,meidum_income,100.82619959224607,41.72782144231422
expert,high_income,96.85880580275541,36.777435044263896
new_user,low_income,96.03518330313076,45.443633372278924
expert,high_income,110.01443866498673,39.45928987938434
expert,low_income,96.34356944689942,43.87839139126592
expert,high_income,92.53386021507241,41.02870817819926
new_user,low_income,99.23531756662115,40.041487575226405
new_user,low_income,98.03097254678815,39.66189737878578
norm_user,low_income,98.8334830922378,35.14900570812829
norm_user,meidum_income,98.54354352067763,44.340483269882185
new_user,meidum_income,99.03259508619168,41.8204935490638
norm_user,high_income,99.9068890572145,42.817726574808646
norm_user,high_income,95.07739036009646,37.999763246256414
new_user,high_income,94.44329087105214,39.576095723838
norm_user,low_income,114.01705354958712,41.48982174940008
expert,meidum_income,90.10199420096092,42.801404322568125
expert,high_income,97.27743949281833,38.746210824420366
new_user,high_income,104.98719798468937,43.884949966950074
expert,meidum_income,92.90417319478114,39.7814770042283
norm_user,high_income,105.04684378918033,37.09358752558555
new_user,meidum_income,93.92619618908897,38.221780762158346
norm_user,meidum_income,98.72236248329853,42.657098432017065
new_user,low_income,96.61699035526097,42.08286724501609
new_user,meidum_income,105.4769676826968,34.81206878117217
expert,low_income,111.80309752201421,36.98893794822871
new_user,meidum_income,102.55827125270686,40.90759684628496
expert,meidum_income,99.69517172032153,42.81786521817721
new_user,high_income,99.8264145390741,45.052354491201214
expert,low_income,96.42507936880216,38.38197599092187
new_user,high_income,103.94221933608988,38.12762223209156
expert,high_income,101.23134478250441,41.22965425680716
new_user,low_income,104.02202339063119,39.28660957581259
expert,meidum_income,108.87346895302935,35.99965253482209
expert,high_income,100.97323295750374,36.30133728945658
expert,low_income,85.47150907768993,44.45747705233111
expert,low_income,103.13722811270483,39.81140997841006
new_user,meidum_income,98.33137287903628,38.61288997246647
expert,meidum_income,98.13452052406657,40.015832249415446
norm_user,meidum_income,106.49991134144122,38.716461755053366
new_user,low_income,93.76895391539756,39.395065562038965
norm_user,low_income,102.043233408086,35.284999655580926
new_user,low_income,100.24220523904279,38.18858667806159
new_user,low_income,98.1860111271732,38.855823328486274
norm_user,high_income,97.48015927842363,38.346278347376575
expert,high_income,102.96278853869946,39.124771086265014
new_user,high_income,106.84367227157809,35.5423288093843
new_user,high_income,104.34062654844719,43.10898166823768
expert,low_income,103.64297939481189,38.25198860508432
norm_user,meidum_income,93.63530626946766,42.641766420654655
expert,meidum_income,100.17552249408045,39.953665065477196
new_user,low_income,104.54381285020776,41.7932227705471
norm_user,high_income,109.52696414308024,38.672860314046794
new_user,meidum_income,108.30999525253608,37.239145625950286
new_user,meidum_income,96.09153787609054,38.392393623297004
